id,name,age,region
1,Mike Figueroa,60,North
2,Amber Robertson,45,West
3,Mark Sellers,39,South
4,Bryan Morrow,35,East
5,Carrie Burgess,25,South
6,Alicia Valdez,36,North
7,Mario Lee,58,West
8,Linda Boyer,33,South
9,Ashley Becker,41,North
10,Amanda Lucas,23,North
11,Alexandria Strong,67,East
12,Ronald Calhoun,31,West
13,Rose Hall,25,North
14,Jordan Johnson,18,North
15,Melanie Ponce,60,East
16,Patricia Brown,35,West
17,Alexandra Perez,65,East
18,Linda Taylor MD,60,East
19,Tammy Smith,69,East
20,James Torres,19,East
21,Marisa Johnson,64,West
22,Michael Mitchell,42,North
23,Patricia Ramirez,39,West
24,Shannon Reynolds,43,South
25,Michael Simon,67,East
26,Kimberly Garcia,37,North
27,Dr. Christine Alexander,33,East
28,Donald James,42,West
29,Kyle Henderson,63,East
30,Michael Rodriguez,51,West
31,Pamela Cox,19,South
32,Nancy Richardson,64,North
33,Hannah Booker,34,East
34,Amy Clark,58,North
35,Samantha Alvarez,51,South
36,Mrs. Carol Acevedo DDS,31,East
37,Jasmine Oconnor,70,North
38,Tina Gordon,48,South
39,Denise Chaney,24,East
40,Jean Smith,69,South
41,Brittany Carter,63,North
42,Marco Vargas,44,North
43,Jasmine Davidson,46,East
44,Robert Harrington,58,East
45,Jonathan Henry,27,East
46,Ashley Lam,63,South
47,Michael Lawson,60,North
48,Willie Anderson,53,West
49,Kyle Day,43,South
50,Natasha Gallagher,28,East
51,Rebecca Delgado,60,West
52,Annette Burns DDS,18,North
53,Randy Santos,39,East
54,Sarah Garcia,65,West
55,Paul Sloan,33,West
56,Tami Henderson,50,South
57,Mr. James Lopez DDS,53,East
58,Lonnie Livingston,52,West
59,Melissa Santos,32,South
60,Christopher Johnson,23,West
61,Patrick Haynes,52,East
62,Robert Bates,51,East
63,Gregory Wilson,60,North
64,Lori Flores,28,North
65,Eric Rasmussen,52,North
66,Jacqueline Williams,22,North
67,Mrs. Jacqueline Rios,47,North
68,Cynthia Lawrence,21,South
69,Jonathan Bailey,49,West
70,Michael Stewart,47,West
71,Stephanie Hughes,60,North
72,Brett Khan,25,North
73,James Thompson,69,North
74,Joann Lowe,62,North
75,Jesus Crawford,67,North
76,Tyler Cortez,29,East
77,John Nelson,42,North
78,Angela Johnson,62,South
79,Ryan Collins,44,North
80,Kristin Chen,44,East
81,Timothy Bennett,30,West
82,Stephanie Evans,44,North
83,Katherine Thompson,35,North
84,Margaret Cooper,48,East
85,Robert Hardy,44,North
86,Tracy Torres,52,East
87,Robert Lee PhD,63,North
88,John Williams,34,East
89,John Hernandez,22,West
90,Kim Wood,68,West
91,Melinda Perez,24,West
92,Kevin Sullivan,58,West
93,Jose Burke,53,South
94,Monique Jones,44,East
95,Natalie Phillips,19,North
96,Brenda Cabrera,37,East
97,Crystal Butler,53,South
98,Wendy Sims,64,South
99,David Nichols,29,East
100,Lauren Mooney,56,West
101,Amber Thomas,54,East
102,Ashley Coleman,32,South
103,Richard Rangel,67,West
104,Cheryl West,60,West
105,Mike Stewart,35,South
106,Joel Smith,52,West
107,Jason Martinez,39,West
108,Bruce Bailey,65,South
109,April Frank,42,South
110,Nicole Case,38,East
111,Barbara Thompson,65,South
112,Lisa Eaton,40,East
113,George Gonzalez,28,West
114,Amanda Phelps,30,North
115,Tom Navarro,38,East
116,Ryan Ross,66,East
117,Marie Johnston,22,West
118,Kimberly Williams,43,South
119,Michael Williams,61,North
120,Karen Murray,21,East
121,Thomas Shields,45,East
122,Bradley Aguilar,56,West
123,Benjamin Evans,66,East
124,Kevin Henderson,22,West
125,Charles Richards,24,South
126,Mr. Jason Guerra,56,South
127,David Wilkins,36,South
128,Deborah Valentine,33,North
129,Mark Young,54,West
130,Michael Burgess,30,West
131,David Young,18,North
132,Kathy Fischer,43,East
133,Aaron Carroll,68,North
134,Mr. Michael Martin,35,South
135,Courtney Wilson,49,South
136,Laura Edwards,43,West
137,Daniel Goodman,38,West
138,Lisa Hicks,63,West
139,Crystal Moore,57,East
140,Meghan Garcia,43,East
141,David Robbins,34,East
142,Jeanette Burgess,62,North
143,Patricia Pittman,37,South
144,Dana Dawson,27,East
145,Benjamin Dougherty,66,North
146,Robert Palmer,47,South
147,Jessica Henderson,21,North
148,Jeffrey Lucas,26,East
149,William Steele,34,North
150,Teresa Martinez,46,South
151,Lisa Medina,27,West
152,Chris Wilson,40,West
153,Perry Smith,69,South
154,Sarah Choi,25,South
155,Douglas Mcdonald,39,North
156,Caitlyn Carter,27,North
157,Shawn Reed,23,South
158,Jeremy Rice,46,North
159,Mark Gates,70,West
160,Tara Fleming,42,North
161,William Cardenas,22,North
162,Andrea Carter,46,East
163,Marie Fox,53,South
164,Suzanne Wells,20,West
165,James Stevens,61,North
166,Gilbert Bolton,56,North
167,Michael Stewart,37,South
168,Kevin Mckinney,32,North
169,Kayla Newman,65,West
170,Stephen Poole,55,South
171,Robert Gray,48,North
172,Luke Curry,66,South
173,James Green,50,East
174,Monica Lee,22,South
175,Diane Anderson,41,West
176,Cheryl Cruz,42,East
177,Melissa Garcia,32,West
178,Evelyn Shaffer,57,West
179,Eric Forbes,31,West
180,Joshua Davis,54,North
181,Lisa Pope,27,East
182,Melissa Carpenter,33,North
183,Vicki Blair,69,West
184,Robert Richardson,27,South
185,Terry Guerrero,62,South
186,Katelyn Miller,29,South
187,Kara Moore,52,South
188,Angel Pratt,45,West
189,Matthew Miller,27,South
190,Colleen Coleman,32,East
191,Jason Reed,52,East
192,Barbara Mcdowell,57,East
193,Amy Jenkins,26,South
194,Theodore Lara,52,West
195,Brandon Shepherd,28,East
196,Bailey Porter,36,East
197,Travis Davis DVM,31,South
198,Edward Lambert,57,East
199,Morgan Brown,70,East
200,James Morales,22,East
